"Strategy","Cost","Effect","Inc_Cost","Inc_Effect","ICER","Status"
"Standard of Care",956.989770220769,22.4976666257379,NA,NA,NA,"ND"
"Diagnosis AB",957.781187629704,22.5209207761177,0.791417408934876,0.0232541503797563,34.0333831170128,"ND"
